timestamp,action,order_id,staff_name,details
2025-08-06T09:29:38.106Z,ORDER_CREATED,WRH-20250806-001,sadeesha,"Customer: desindu"
2025-08-06T09:29:50.239Z,APPROVAL_ADDED,WRH-20250806-001,des,"Approval 1/3"
2025-08-06T09:29:58.835Z,APPROVAL_ADDED,WRH-20250806-001,too,"Approval 2/3"
2025-08-06T09:30:06.080Z,APPROVAL_ADDED,WRH-20250806-001,dessa,"Approval 3/3"
2025-08-06T09:30:20.832Z,STATUS_UPDATE,WRH-20250806-001,sadeesha,"Status: approved"
2025-08-06T09:30:31.480Z,STATUS_UPDATE,WRH-20250806-001,sadeesha,"Status: packed"
