[
  {
    "order_number": "WRH-20250806-001",
    "customer_name": "desindu",
    "customer_phone": "0742420525",
    "items": "100200\n199002\n",
    "payment_method": "cash",
    "invoice_number": "100200",
    "status": "packed",
    "created_at": "2025-08-06T09:29:38.105Z",
    "created_by": "sadeesha",
    "approvals": [
      {
        "staff": "des",
        "timestamp": "2025-08-06T09:29:50.238Z"
      },
      {
        "staff": "too",
        "timestamp": "2025-08-06T09:29:58.834Z"
      },
      {
        "staff": "dessa",
        "timestamp": "2025-08-06T09:30:06.079Z"
      }
    ],
    "status_history": [
      {
        "status": "received",
        "timestamp": "2025-08-06T09:29:38.105Z",
        "staff": "sadeesha"
      },
      {
        "status": "approved",
        "timestamp": "2025-08-06T09:30:06.079Z",
        "staff": "SYSTEM"
      },
      {
        "status": "approved",
        "timestamp": "2025-08-06T09:30:20.831Z",
        "staff": "sadeesha"
      },
      {
        "status": "packed",
        "timestamp": "2025-08-06T09:30:31.479Z",
        "staff": "sadeesha"
      }
    ]
  }
]